<?xml version="1.0" encoding="UTF-8"?>
<!DOCTYPE hibernate-configuration PUBLIC "-//Hibernate/Hibernate Configuration DTD 3.0//EN"
                                         "http://www.hibernate.org/dtd/hibernate-configuration-3.0.dtd">
<hibernate-configuration>
 <session-factory name="">
  <property name="hibernate.connection.driver_class">com.mysql.jdbc.Driver</property>
  <property name="hibernate.connection.url">jdbc:mysql://localhost:3306/hw6_movies</property>
  <property name="hibernate.connection.username">root</property>
  <property name="hibernate.connection.password">root</property>
  <property name="hibernate.dialect">org.hibernate.dialect.MySQL5Dialect</property>
  <property name="hibernate.hbm2ddl.auto">create</property>
  <property name="hibernate.show_sql">true</property>
  <mapping class="com.hw6.part3.pojo.Movie"/>
 </session-factory>
</hibernate-configuration>
